{"cameraMode":{"drawMode":0,"name":"Shaded","section":"Shading Mode"},"sceneLighting":true,"audioPlay":false,"sceneViewState":{"m_AlwaysRefresh":false,"showFog":true,"showSkybox":true,"showFlares":true,"showImageEffects":true,"showParticleSystems":true,"showVisualEffectGraphs":true,"m_FxEnabled":true},"in2DMode":false,"pivot":{"x":49.946754455566409,"y":38.8111572265625,"z":-108.80261993408203},"rotation":{"x":0.022980552166700364,"y":-0.9770932197570801,"z":0.1455640345811844,"w":0.15378068387508393},"size":152.10751342773438,"orthographic":false}