{"cameraMode":{"drawMode":0,"name":"Shaded","section":"Shading Mode"},"sceneLighting":false,"audioPlay":false,"sceneViewState":{"m_AlwaysRefresh":false,"showFog":true,"showSkybox":false,"showFlares":true,"showImageEffects":true,"showParticleSystems":true,"showVisualEffectGraphs":true,"m_FxEnabled":true},"in2DMode":false,"pivot":{"x":-0.03698110580444336,"y":-0.013489603996276856,"z":0.5768817663192749},"rotation":{"x":-0.04949957877397537,"y":-0.9416933655738831,"z":0.29222148656845095,"w":-0.15940918028354646},"size":0.8167337775230408,"orthographic":false}