{"cameraMode":{"drawMode":0,"name":"Shaded","section":"Shading Mode"},"sceneLighting":true,"audioPlay":false,"sceneViewState":{"showFog":true,"showMaterialUpdate":false,"showSkybox":true,"showFlares":true,"showImageEffects":true,"showParticleSystems":true},"in2DMode":false,"pivot":{"x":20.373008728027345,"y":24.47871208190918,"z":28.808164596557618},"rotation":{"x":-0.013726947829127312,"y":0.9703866243362427,"z":-0.056832682341337207,"w":-0.23438653349876405},"size":18.764490127563478,"orthographic":false}